room-type,item,shop,URL
Simple,インテリア,アイリスプラザ,https://www.irisplaza.co.jp/index.php?KB=KAISO&CID=2
Faminine,インテリア,Francfranc,https://francfranc.com/
Natural,インテリア,無印良品,https://www.muji.com/jp/ja/store
Japanese Classic,インテリア,アイリスプラザ,https://www.irisplaza.co.jp/index.php?KB=KAISO&CID=2
Nordic style,インテリア,BRUNO,https://bruno-onlineshop.com/category/SH_BR_PR_01_05/?utm_source=yahoo&utm_medium=cpc&utm_campaign=productother&utm_term=%E3%81%8A%E3%81%97%E3%82%83%E3%82%8C%20%E9%A3%9F%E5%99%A8&bno=p_yahoo_prodother&yclid=YSS.1000418622.EAIaIQobChMI5eTyvcf0_AIVjENgCh2haACgEAAYBCAAEgJvPfD_BwE
Modern,インテリア,アイリスオオヤマ,https://www.irisplaza.co.jp/index.php?KB=KAISO&CID=2
Simple,ペット用品,アイリスプラザ,https://www.irisplaza.co.jp/index.php?KB=KAISO&CID=2
Faminine,ファブリック,Francfranc,https://francfranc.com/
Natural,ファブリック,無印良品,https://www.muji.com/jp/ja/store
Japanese Classic,ファブリック,アイリスプラザ,https://www.irisplaza.co.jp/index.php?KB=KAISO&CID=2
Nordic style,電化製品,BRUNO,https://bruno-onlineshop.com/category/SH_BR_PR_01_05/?utm_source=yahoo&utm_medium=cpc&utm_campaign=productother&utm_term=%E3%81%8A%E3%81%97%E3%82%83%E3%82%8C%20%E9%A3%9F%E5%99%A8&bno=p_yahoo_prodother&yclid=YSS.1000418622.EAIaIQobChMI5eTyvcf0_AIVjENgCh2haACgEAAYBCAAEgJvPfD_BwE
Modern,食器,アイリスオオヤマ,https://www.irisplaza.co.jp/index.php?KB=KAISO&CID=2
